Product Family,Model Name,Product Type,Pixel Pitch (mm),Brightness Typical,Max Power Per Panel (W),Typical Power Per Panel (W),Wiring Direction,Power Direction,Weight (kg/panel),Panel Width (mm),Panel Height (mm),Panel Depth (mm),Module Width (mm),Module Height (mm),Refresh Rate (Hz),LED Type,Maintenance,Ingress Protection,Processing Depth (bit),Curve,Recommended Viewing Distance (m),Environment,Material,Calibration,Brightness Control,Color Temperature,Viewing Angle,Contrast Ratio,Input Voltage,Screen Size (inch),Display Ratio,Resolution Width,Resolution Height,Operating System,Speaker,Bluetooth,WiFi,Interface,Cabinet Cols,Cabinet Rows,Cabinet Width (mm),Cabinet Height (mm)
UMicro,UMicro 0.6,cabinet,0.625,600,65,38,Vertical,Vertical,6,600,337.5,40.3,300,168.75,3840,COB,Front,Rear IP50,21,/,0.6,indoor,Die-cast Aluminum,Support brightness and chroma,Manual/Automatic,2000K-9500K Adjustable,,15000:1,100~240 V (50&60Hz),,,,,,,,,
UMicro,UMicro 0.6,cabinet,0.625,1000,110,52,Vertical,Vertical,6,600,337.5,40.3,300,168.75,3840,COB,Front,Rear IP50,21,/,0.6,indoor,Die-cast Aluminum,Support brightness and chroma,Manual/Automatic,2000K-9500K Adjustable,,30000:1,100~240 V (50&60Hz),,,,,,,,,
UMicro,UMicro 0.7,cabinet,0.78125,600,60,35,Vertical,Vertical,6,600,337.5,40.3,300,168.75,3840,COB,Front,Rear IP50,21,/,0.7,Die-cast Aluminum,Support brightness and chroma,Manual/Automatic,2000K-9500K Adjustable,,15000:1,100~240 V (50&60Hz),,,,,,,,,,
UMicro,UMicro 0.7,cabinet,0.78125,1200,100,45,Vertical,Vertical,6,600,337.5,40.3,300,168.75,3840,COB,Front,Rear IP50,21,/,0.7,Die-cast Aluminum,Support brightness and chroma,Manual/Automatic,2000K-9500K Adjustable,,30000:1,100~240 V (50&60Hz),,,,,,,,,,
UMiniIII,UMiniIII 0.9 ,cabinet,0.9375,600,70,45,Vertical,Vertical,6,600,337.5,40.3,300,168.75,3840,COB,Front,Rear IP50,21,/,0.9,,,,,,,,,,,,,,,,,
UMiniIII,UMiniIII 0.9 ,cabinet,0.9375,1200,100,55,Vertical,Vertical,6,600,337.5,40.3,300,168.75,3840,COB,Front,Rear IP50,21,/,0.9,,,,,,,,,,,,,,,,,
UMiniIII,UMiniIII 1.1 ,cabinet,1.17188,600,55,35,Vertical,Vertical,6,600,337.5,40.3,300,168.75,3840,COB,Front,Rear IP50,21,/,0.9,,,,,,,,,,,,,,,,,
UMiniIII,UMiniIII 1.1 ,cabinet,1.17188,1200,85,45,Vertical,Vertical,6,600,337.5,40.3,300,168.75,3840,COB,Front,Rear IP50,21,/,0.9,,,,,,,,,,,,,,,,,
UMiniIII,UMiniIII 1.2,cabinet,1.25,600,52,32,Vertical,Vertical,6,600,337.5,40.3,300,168.75,3840,COB,Front,Rear IP50,21,/,0.9,,,,,,,,,,,,,,,,,
UMiniIII,UMiniIII 1.2,cabinet,1.25,1200,80,40,Vertical,Vertical,6,600,337.5,40.3,300,168.75,3840,COB,Front,Rear IP50,21,/,0.9,,,,,,,,,,,,,,,,,
UMiniIII,UMiniIII 1.5,cabinet,1.5635,600,48,30,Vertical,Vertical,6,600,337.5,40.3,300,168.75,3840,COB,Front,Rear IP50,21,/,0.9,,,,,,,,,,,,,,,,,
UMiniIII,UMiniIII 1.5,cabinet,1.5635,1200,75,38,Vertical,Vertical,6,600,337.5,40.3,300,168.75,3840,COB,Front,Rear IP50,21,/,0.9,,,,,,,,,,,,,,,,,
UMiniIII Pro,UMiniIII Pro 0.9 ,cabinet,0.9375,600,50,25,Vertical,Vertical,6,600,337.5,40.3,300,168.75,3840,COB,Front,Rear IP50,21,/,0.9,,,,,,,,,,,,,,,,,
UMiniIII Pro,UMiniIII Pro 0.9 ,cabinet,0.9375,1200,90,40,Vertical,Vertical,6,600,337.5,40.3,300,168.75,3840,COB,Front,Rear IP50,21,/,0.9,,,,,,,,,,,,,,,,,
UMiniIII Pro,UMiniIII Pro 1.2,cabinet,1.25,600,40,20,Vertical,Vertical,6,600,337.5,40.3,300,168.75,3840,COB,Front,Rear IP50,21,/,1.2,,,,,,,,,,,,,,,,,
UMiniIII Pro,UMiniIII Pro 1.2,cabinet,1.25,1200,65,30,Vertical,Vertical,6,600,337.5,40.3,300,168.75,3840,COB,Front,Rear IP50,21,/,1.2,,,,,,,,,,,,,,,,,
UMiniW,UMiniW 0.7,cabinet,0.78125,600,48,24,Vertical,Vertical,4.3,600,337.5,29.8,150,168.75,3840,COB,Front,Rear IP50,21,/,0.7,,,,,,,,,,,,,,,,,
UMiniW,UMiniW 0.7,cabinet,0.78125,600,24,12,Vertical,Vertical,2.5,300,337.5,29.8,150,168.75,3840,COB,Front,Rear IP50,21,/,0.7,,,,,,,,,,,,,,,,,
UMiniW,UMiniW 0.7,cabinet,0.78125,600,24,12,Vertical,Vertical,2.5,600,168.75,29.8,150,168.75,3840,COB,Front,Rear IP50,21,/,0.7,,,,,,,,,,,,,,,,,
UMiniW,UMiniW 0.7,cabinet,0.78125,600,12,6,Vertical,Vertical,1.3,300,168.75,29.8,150,168.75,3840,COB,Front,Rear IP50,21,/,0.7,,,,,,,,,,,,,,,,,
UMiniW,UMiniW 0.7,cabinet,0.78125,800,58,27,Vertical,Vertical,4.3,600,337.5,29.8,150,168.75,3840,COB,Front,Rear IP50,21,/,0.7,,,,,,,,,,,,,,,,,
UMiniW,UMiniW 0.7,cabinet,0.78125,800,29,13.5,Vertical,Vertical,2.5,300,337.5,29.8,150,168.75,3840,COB,Front,Rear IP50,21,/,0.7,,,,,,,,,,,,,,,,,
UMiniW,UMiniW 0.7,cabinet,0.78125,800,29,13.5,Vertical,Vertical,2.5,600,168.75,29.8,150,168.75,3840,COB,Front,Rear IP50,21,/,0.7,,,,,,,,,,,,,,,,,
UMiniW,UMiniW 0.7,cabinet,0.78125,800,15,7,Vertical,Vertical,1.3,300,168.75,29.8,150,168.75,3840,COB,Front,Rear IP50,21,/,0.7,,,,,,,,,,,,,,,,,
UMiniW,UMiniW 0.9,cabinet,0.9375,600,60,42,Vertical,Vertical,4.3,600,337.5,29.8,150,168.75,3840,COB,Front,Rear IP50,19,/,0.9,,,,,,,,,,,,,,,,,
UMiniW,UMiniW 0.9,cabinet,0.9375,600,30,21,Vertical,Vertical,2.5,300,337.5,29.8,150,168.75,3840,COB,Front,Rear IP50,19,/,0.9,,,,,,,,,,,,,,,,,
UMiniW,UMiniW 0.9,cabinet,0.9375,800,72,45,Vertical,Vertical,4.3,600,337.5,29.8,150,168.75,3840,COB,Front,Rear IP50,19,/,0.9,,,,,,,,,,,,,,,,,
UMiniW,UMiniW 0.9,cabinet,0.9375,800,36,22.5,Vertical,Vertical,2.5,300,337.5,29.8,150,168.75,3840,COB,Front,Rear IP50,19,/,0.9,,,,,,,,,,,,,,,,,
UMiniW,UMiniW 1.2,cabinet,1.25,600,52,29,Vertical,Vertical,4.3,600,337.5,29.8,150,168.75,3840,COB,Front,Rear IP50,18,/,1.2,,,,,,,,,,,,,,,,,
UMiniW,UMiniW 1.2,cabinet,1.25,600,26,14.5,Vertical,Vertical,2.5,300,337.5,29.8,150,168.75,3840,COB,Front,Rear IP50,18,/,1.2,,,,,,,,,,,,,,,,,
UMiniW,UMiniW 1.2,cabinet,1.25,800,64,33,Vertical,Vertical,4.3,600,337.5,29.8,150,168.75,3840,COB,Front,Rear IP50,18,/,1.2,,,,,,,,,,,,,,,,,
UMiniW,UMiniW 1.2,cabinet,1.25,800,32,16.5,Vertical,Vertical,2.5,300,337.5,29.8,150,168.75,3840,COB,Front,Rear IP50,18,/,1.2,,,,,,,,,,,,,,,,,
UMiniW,UMiniW 1.5,cabinet,1.5625,600,48,25,Vertical,Vertical,4.3,600,337.5,29.8,150,168.75,3840,COB,Front,Rear IP50,19,/,1.5,,,,,,,,,,,,,,,,,
UMiniW,UMiniW 1.5,cabinet,1.5625,600,24,12.5,Vertical,Vertical,2.5,300,337.5,29.8,150,168.75,3840,COB,Front,Rear IP50,19,/,1.5,,,,,,,,,,,,,,,,,
UMiniW,UMiniW 1.5,cabinet,1.5625,800,62,30,Vertical,Vertical,4.3,600,337.5,29.8,150,168.75,3840,COB,Front,Rear IP50,19,/,1.5,,,,,,,,,,,,,,,,,
UMiniW,UMiniW 1.5,cabinet,1.5625,800,31,15,Vertical,Vertical,2.5,300,337.5,29.8,150,168.75,3840,COB,Front,Rear IP50,19,/,1.5,,,,,,,,,,,,,,,,,
UMiniW,UMiniW 1.8,cabinet,1.875,600,48,27,Vertical,Vertical,4.3,600,337.5,29.8,150,168.75,3840,COB,Front,Rear IP50,19,/,1.8,,,,,,,,,,,,,,,,,
UMiniW,UMiniW 1.8,cabinet,1.875,600,24,13.5,Vertical,Vertical,2.5,300,337.5,29.8,150,168.75,3840,COB,Front,Rear IP50,19,/,1.8,,,,,,,,,,,,,,,,,
UMiniW,UMiniW 1.8,cabinet,1.875,800,61,31,Vertical,Vertical,4.3,600,337.5,29.8,150,168.75,3840,COB,Front,Rear IP50,19,/,1.8,,,,,,,,,,,,,,,,,
UMiniW,UMiniW 1.8,cabinet,1.875,800,30.5,15.5,Vertical,Vertical,2.5,300,337.5,29.8,150,168.75,3840,COB,Front,Rear IP50,19,/,1.8,,,,,,,,,,,,,,,,,
U-Natural,U-Natural 0.7,cabinet,0.78125,Max 400-800nit(varies by different textures),48,24,Vertical,Vertical,4.3,600,337.5,29.8,150,168.75,3840,COB,Front,Rear IP50,21,/,0.7,,,,,,,,,,,,,,,,,
U-Natural,U-Natural 0.9,cabinet,0.9375,Max 400-800nit(varies by different textures),60,42,Vertical,Vertical,4.3,600,337.5,29.8,150,168.75,3840,COB,Front,Rear IP50,21,/,0.7,,,,,,,,,,,,,,,,,
U-Natural,U-Natural 1.2,cabinet,1.25,Max 400-800nit(varies by different textures),52,29,Vertical,Vertical,4.3,600,337.5,29.8,150,168.75,3840,COB,Front,Rear IP50,21,/,0.7,,,,,,,,,,,,,,,,,
U-Natural,U-Natural 1.5,cabinet,1.5625,Max 400-800nit(varies by different textures),48,25,Vertical,Vertical,4.3,600,337.5,29.8,150,168.75,3840,COB,Front,Rear IP50,21,/,0.7,,,,,,,,,,,,,,,,,
U-Natural,U-Natural 1.8,cabinet,1.875,Max 400-800nit(varies by different textures),48,27,Vertical,Vertical,4.3,600,337.5,29.8,150,168.75,3840,COB,Front,Rear IP50,21,/,0.7,,,,,,,,,,,,,,,,,
UMiniP,UMiniP 0.9,cabinet,0.9375,600,75,25,Vertical,Vertical,4,600,337.5,39.75,150,168.75,3840,COB,Front,Rear IP50,19,/,0.9,,,,,,,,,,,,,,,,,
UMiniP,UMiniP 1.2,cabinet,1.25,600,70,30,Vertical,Vertical,4,600,337.5,39.75,150,168.75,3840,COB,Front,Rear IP50,19,/,1.2,,,,,,,,,,,,,,,,,
UMiniP,UMiniP 1.5,cabinet,1.5625,600,70,25,Vertical,Vertical,4,600,337.5,39.75,150,168.75,3840,COB,Front,Rear IP50,19,/,1.5,,,,,,,,,,,,,,,,,
UMiniP,UMiniP 1.8,cabinet,1.875,500,130,45,Vertical,Vertical,7.9,600,675,39.75,150,168.75,3840,COB,Front,Rear IP50,19,/,1.8,,,,,,,,,,,,,,,,,
UMiniP,UMiniP 1.8,cabinet,1.875,500,65,25,Vertical,Vertical,4,600,337.5,39.75,150,168.75,3840,COB,Front,Rear IP50,19,/,1.8,,,,,,,,,,,,,,,,,
ULWIII Pro,ULWIII Pro 0.9,cabinet,0.9375,600,140,47,Vertical,Vertical,5,600,337.5,47.8,150,168.75,3840,COB,Front,Rear IP30,16,/,0.9,,,,,,,,,,,,,,,,,
ULWIII Pro,ULWIII Pro 1.2,cabinet,1.25,600,120,40,Vertical,Vertical,5,600,337.5,47.8,150,168.75,3840,COB,Front,Rear IP30,16,/,1.2,,,,,,,,,,,,,,,,,
ULWIII Pro,ULWIII Pro 1.5,cabinet,1.5625,600,105,35,Vertical,Vertical,5,600,337.5,47.8,150,168.75,3840,COB,Front,Rear IP30,16,/,1.5,,,,,,,,,,,,,,,,,
ULWIII Pro,ULWIII Pro 1.8,cabinet,1.875,600,90,30,Vertical,Vertical,5,600,337.5,47.8,150,168.75,3840,COB,Front,Rear IP30,16,/,1.8,,,,,,,,,,,,,,,,,
ULWIII Pro,ULWIII Pro 2.5,cabinet,2.5,600,80,27,Vertical,Vertical,5,600,337.5,47.8,150,168.75,3840,COB,Front,Rear IP30,16,/,2.5,,,,,,,,,,,,,,,,,
ULWIII MIP Pro,ULWIII MIP Pro 0.9,cabinet,0.9375,600,70,25,Vertical,Vertical,5,600,337.5,47.8,150,168.75,3840,MIP,Front,Rear IP30,16,/,2.5,,,,,,,,,,,,,,,,,
ULWIII MIP Pro,ULWIII MIP Pro 0.9,cabinet,0.9375,800,90,30,Vertical,Vertical,5,600,337.5,47.8,150,168.75,3840,MIP,Front,Rear IP30,16,/,2.5,,,,,,,,,,,,,,,,,
ULWIII MIP Pro,ULWIII MIP Pro 1.2,cabinet,1.25,600,60,20,Vertical,Vertical,5,600,337.5,47.8,150,168.75,3840,MIP,Front,Rear IP30,16,/,2.5,,,,,,,,,,,,,,,,,
ULWIII MIP Pro,ULWIII MIP Pro 1.2,cabinet,1.25,800,75,25,Vertical,Vertical,5,600,337.5,47.8,150,168.75,3840,MIP,Front,Rear IP30,16,/,2.5,,,,,,,,,,,,,,,,,
ULWIII MIP Pro,ULWIII MIP Pro 1.5,cabinet,1.5625,600,50,17,Vertical,Vertical,5,600,337.5,47.8,150,168.75,3840,MIP,Front,Rear IP30,16,/,2.5,,,,,,,,,,,,,,,,,
ULWIII MIP Pro,ULWIII MIP Pro 1.5,cabinet,1.5625,800,65,21,Vertical,Vertical,5,600,337.5,47.8,150,168.75,3840,MIP,Front,Rear IP30,16,/,2.5,,,,,,,,,,,,,,,,,
UslimIII,UslimIII MIP 1.5,cabinet,1.5625,1000,180,60,Horizontal,Horizontal,10.5,500,1000,40,250,250,5760,MIP,Front,Front IP50 / Rear IP 30,14,,3,,,,,,,,,,,,,,,,,
UslimIII,UslimIII MIP 1.5,cabinet,1.5625,1000,90,30,Horizontal,Horizontal,5.4,500,500,40,250,250,5760,MIP,Front,Front IP50 / Rear IP 30,14,,3,,,,,,,,,,,,,,,,,
UslimIII,UslimIII MIP 1.5,cabinet,1.5625,1000,45,15,Horizontal,Horizontal,3.5,500,250,40,250,250,5760,MIP,Front,Front IP50 / Rear IP 30,14,,3,,,,,,,,,,,,,,,,,
UslimIII,UslimIII MIP 1.5,cabinet,1.5625,1000,45,15,Horizontal,Horizontal,3.5,250,500,40,250,250,5760,MIP,Front,Front IP50 / Rear IP 30,14,,3,,,,,,,,,,,,,,,,,
UslimIII,UslimIII MIP 1.5,cabinet,1.5625,1000,67.5,22.5,Horizontal,Horizontal,4.5,250,750,40,250,250,5760,MIP,Front,Front IP50 / Rear IP 30,14,,3,,,,,,,,,,,,,,,,,
UslimIII,UslimIII MIP 1.5,cabinet,1.5625,1000,67.5,22.5,Horizontal,Horizontal,4.5,750,250,40,250,250,5760,MIP,Front,Front IP50 / Rear IP 30,14,,3,,,,,,,,,,,,,,,,,
UslimIII,UslimIII MIP 1.9,cabinet,1.95313,1000,180,60,Horizontal,Horizontal,10.5,500,1000,40,250,250,5760,MIP,Front,Front IP50 / Rear IP 30,14,,3,,,,,,,,,,,,,,,,,
UslimIII,UslimIII MIP 1.9,cabinet,1.95313,1000,90,30,Horizontal,Horizontal,5.4,500,500,40,250,250,5760,MIP,Front,Front IP50 / Rear IP 30,14,,3,,,,,,,,,,,,,,,,,
UslimIII,UslimIII MIP 1.9,cabinet,1.95313,1000,45,15,Horizontal,Horizontal,3.5,500,250,40,250,250,5760,MIP,Front,Front IP50 / Rear IP 30,14,,3,,,,,,,,,,,,,,,,,
UslimIII,UslimIII MIP 1.9,cabinet,1.95313,1000,45,15,Horizontal,Horizontal,3.5,250,500,40,250,250,5760,MIP,Front,Front IP50 / Rear IP 30,14,,3,,,,,,,,,,,,,,,,,
UslimIII,UslimIII MIP 1.9,cabinet,1.95313,1000,67.5,22.5,Horizontal,Horizontal,4.5,250,750,40,250,250,5760,MIP,Front,Front IP50 / Rear IP 30,14,,3,,,,,,,,,,,,,,,,,
UslimIII,UslimIII MIP 1.9,cabinet,1.95313,1000,67.5,22.5,Horizontal,Horizontal,4.5,750,250,40,250,250,5760,MIP,Front,Front IP50 / Rear IP 30,14,,3,,,,,,,,,,,,,,,,,
UslimIII,UslimIII MIP 2.5,cabinet,2.5,1000,180,60,Horizontal,Horizontal,10.5,500,1000,40,250,250,5760,MIP,Front,Front IP50 / Rear IP 30,14,,3,,,,,,,,,,,,,,,,,
UslimIII,UslimIII MIP 2.5,cabinet,2.5,1000,90,30,Horizontal,Horizontal,5.4,500,500,40,250,250,5760,MIP,Front,Front IP50 / Rear IP 30,14,,3,,,,,,,,,,,,,,,,,
UslimIII,UslimIII MIP 2.5,cabinet,2.5,1000,45,15,Horizontal,Horizontal,3.5,500,250,40,250,250,5760,MIP,Front,Front IP50 / Rear IP 30,14,,3,,,,,,,,,,,,,,,,,
UslimIII,UslimIII MIP 2.5,cabinet,2.5,1000,45,15,Horizontal,Horizontal,3.5,250,500,40,250,250,5760,MIP,Front,Front IP50 / Rear IP 30,14,,3,,,,,,,,,,,,,,,,,
UslimIII,UslimIII MIP 2.5,cabinet,2.5,1000,67.5,22.5,Horizontal,Horizontal,4.5,250,750,40,250,250,5760,MIP,Front,Front IP50 / Rear IP 30,14,,3,,,,,,,,,,,,,,,,,
UslimIII,UslimIII MIP 2.5,cabinet,2.5,1000,67.5,22.5,Horizontal,Horizontal,4.5,750,250,40,250,250,5760,MIP,Front,Front IP50 / Rear IP 30,14,,3,,,,,,,,,,,,,,,,,
UslimIII,UslimIII SMD 1.5,cabinet,1.5625,800,240,80,Horizontal,Horizontal,10.5,500,1000,40,250,250,5760,SMD,Front,Front IP50 / Rear IP 30,14,,4,,,,,,,,,,,,,,,,,
UslimIII,UslimIII SMD 1.5,cabinet,1.5625,800,120,40,Horizontal,Horizontal,5.4,500,500,40,250,250,5760,SMD,Front,Front IP50 / Rear IP 30,14,,4,,,,,,,,,,,,,,,,,
UslimIII,UslimIII SMD 1.5,cabinet,1.5625,800,60,20,Horizontal,Horizontal,3.5,500,250,40,250,250,5760,SMD,Front,Front IP50 / Rear IP 30,14,,4,,,,,,,,,,,,,,,,,
UslimIII,UslimIII SMD 1.5,cabinet,1.5625,800,60,20,Horizontal,Horizontal,3.5,250,500,40,250,250,5760,SMD,Front,Front IP50 / Rear IP 30,14,,4,,,,,,,,,,,,,,,,,
UslimIII,UslimIII SMD 1.5,cabinet,1.5625,800,90,30,Horizontal,Horizontal,4.5,250,750,40,250,250,5760,SMD,Front,Front IP50 / Rear IP 30,14,,4,,,,,,,,,,,,,,,,,
UslimIII,UslimIII SMD 1.5,cabinet,1.5625,800,90,30,Horizontal,Horizontal,4.5,750,250,40,250,250,5760,SMD,Front,Front IP50 / Rear IP 30,14,,4,,,,,,,,,,,,,,,,,
UslimIII,UslimIII SMD 1.9,cabinet,1.95313,900,230,77,Horizontal,Horizontal,10.5,500,1000,40,250,250,7680,SMD,Front,Front IP50 / Rear IP 30,14,,4,,,,,,,,,,,,,,,,,
UslimIII,UslimIII SMD 1.9,cabinet,1.95313,900,115,38.5,Horizontal,Horizontal,5.4,500,500,40,250,250,7680,SMD,Front,Front IP50 / Rear IP 30,14,,4,,,,,,,,,,,,,,,,,
UslimIII,UslimIII SMD 1.9,cabinet,1.95313,900,57.5,19.25,Horizontal,Horizontal,3.5,500,250,40,250,250,7680,SMD,Front,Front IP50 / Rear IP 30,14,,4,,,,,,,,,,,,,,,,,
UslimIII,UslimIII SMD 1.9,cabinet,1.95313,900,57.5,19.25,Horizontal,Horizontal,3.5,250,500,40,250,250,7680,SMD,Front,Front IP50 / Rear IP 30,14,,4,,,,,,,,,,,,,,,,,
UslimIII,UslimIII SMD 1.9,cabinet,1.95313,900,86.25,28.875,Horizontal,Horizontal,4.5,250,750,40,250,250,7680,SMD,Front,Front IP50 / Rear IP 30,14,,4,,,,,,,,,,,,,,,,,
UslimIII,UslimIII SMD 1.9,cabinet,1.95313,900,86.25,28.875,Horizontal,Horizontal,4.5,750,250,40,250,250,7680,SMD,Front,Front IP50 / Rear IP 30,14,,4,,,,,,,,,,,,,,,,,
UslimIII,UslimIII SMD 2.5,cabinet,2.5,1000,225,75,Horizontal,Horizontal,10.5,500,1000,40,250,250,7680,SMD,Front,Front IP50 / Rear IP 30,14,,4,,,,,,,,,,,,,,,,,
UslimIII,UslimIII SMD 2.5,cabinet,2.5,1000,112.5,37.5,Horizontal,Horizontal,5.4,500,500,40,250,250,7680,SMD,Front,Front IP50 / Rear IP 30,14,,4,,,,,,,,,,,,,,,,,
UslimIII,UslimIII SMD 2.5,cabinet,2.5,1000,56.25,18.75,Horizontal,Horizontal,3.5,500,250,40,250,250,7680,SMD,Front,Front IP50 / Rear IP 30,14,,4,,,,,,,,,,,,,,,,,
UslimIII,UslimIII SMD 2.5,cabinet,2.5,1000,56.25,18.75,Horizontal,Horizontal,3.5,250,500,40,250,250,7680,SMD,Front,Front IP50 / Rear IP 30,14,,4,,,,,,,,,,,,,,,,,
UslimIII,UslimIII SMD 2.5,cabinet,2.5,1000,84.375,28.125,Horizontal,Horizontal,4.5,250,750,40,250,250,7680,SMD,Front,Front IP50 / Rear IP 30,14,,4,,,,,,,,,,,,,,,,,
UslimIII,UslimIII SMD 2.5,cabinet,2.5,1000,84.375,28.125,Horizontal,Horizontal,4.5,750,250,40,250,250,7680,SMD,Front,Front IP50 / Rear IP 30,14,,4,,,,,,,,,,,,,,,,,
UslimIII,UslimIII SMD 3.9,cabinet,3.90625,1000,220,73.5,Horizontal,Horizontal,10.5,500,1000,40,250,250,7680,SMD,Front,Front IP50 / Rear IP 30,14,,4,,,,,,,,,,,,,,,,,
UslimIII,UslimIII SMD 3.9,cabinet,3.90625,1000,110,36.75,Horizontal,Horizontal,5.4,500,500,40,250,250,7680,SMD,Front,Front IP50 / Rear IP 30,14,,4,,,,,,,,,,,,,,,,,
UslimIII,UslimIII SMD 3.9,cabinet,3.90625,1000,55,18.375,Horizontal,Horizontal,3.5,500,250,40,250,250,7680,SMD,Front,Front IP50 / Rear IP 30,14,,4,,,,,,,,,,,,,,,,,
UslimIII,UslimIII SMD 3.9,cabinet,3.90625,1000,55,18.375,Horizontal,Horizontal,3.5,250,500,40,250,250,7680,SMD,Front,Front IP50 / Rear IP 30,14,,4,,,,,,,,,,,,,,,,,
UslimIII,UslimIII SMD 3.9,cabinet,3.90625,1000,82.5,27.5625,Horizontal,Horizontal,4.5,250,750,40,250,250,7680,SMD,Front,Front IP50 / Rear IP 30,14,,4,,,,,,,,,,,,,,,,,
UslimIII,UslimIII SMD 3.9,cabinet,3.90625,1000,82.5,27.5625,Horizontal,Horizontal,4.5,750,250,40,250,250,7680,SMD,Front,Front IP50 / Rear IP 30,14,,4,,,,,,,,,,,,,,,,,
UslimIII,UslimIII SMD 1.9,cabinet,1.95313,3500,230,77,Horizontal,Horizontal,10.5,500,1000,40,250,250,7680,SMD,Front,Front IP50 / Rear IP 30,14,,4,,,,,,,,,,,,,,,,,
UslimIII,UslimIII SMD 1.9,cabinet,1.95313,3500,115,38.5,Horizontal,Horizontal,5.4,500,500,40,250,250,7680,SMD,Front,Front IP50 / Rear IP 30,14,,4,,,,,,,,,,,,,,,,,
UslimIII,UslimIII SMD 1.9,cabinet,1.95313,3500,57.5,19.25,Horizontal,Horizontal,3.5,500,250,40,250,250,7680,SMD,Front,Front IP50 / Rear IP 30,14,,4,,,,,,,,,,,,,,,,,
UslimIII,UslimIII SMD 1.9,cabinet,1.95313,3500,57.5,19.25,Horizontal,Horizontal,3.5,250,500,40,250,250,7680,SMD,Front,Front IP50 / Rear IP 30,14,,4,,,,,,,,,,,,,,,,,
UslimIII,UslimIII SMD 1.9,cabinet,1.95313,3500,86.25,28.875,Horizontal,Horizontal,4.5,250,750,40,250,250,7680,SMD,Front,Front IP50 / Rear IP 30,14,,4,,,,,,,,,,,,,,,,,
UslimIII,UslimIII SMD 1.9,cabinet,1.95313,3500,86.25,28.875,Horizontal,Horizontal,4.5,750,250,40,250,250,7680,SMD,Front,Front IP50 / Rear IP 30,14,,4,,,,,,,,,,,,,,,,,
UslimIII,UslimIII SMD 2.5,cabinet,2.5,3500,230,77,Horizontal,Horizontal,10.5,500,1000,40,250,250,7680,SMD,Front,Front IP50 / Rear IP 30,14,,4,,,,,,,,,,,,,,,,,
UslimIII,UslimIII SMD 2.5,cabinet,2.5,3500,115,38.5,Horizontal,Horizontal,5.4,500,500,40,250,250,7680,SMD,Front,Front IP50 / Rear IP 30,14,,4,,,,,,,,,,,,,,,,,
UslimIII,UslimIII SMD 2.5,cabinet,2.5,3500,57.5,19.25,Horizontal,Horizontal,3.5,500,250,40,250,250,7680,SMD,Front,Front IP50 / Rear IP 30,14,,4,,,,,,,,,,,,,,,,,
UslimIII,UslimIII SMD 2.5,cabinet,2.5,3500,57.5,19.25,Horizontal,Horizontal,3.5,250,500,40,250,250,7680,SMD,Front,Front IP50 / Rear IP 30,14,,4,,,,,,,,,,,,,,,,,
UslimIII,UslimIII SMD 2.5,cabinet,2.5,3500,86.25,28.875,Horizontal,Horizontal,4.5,250,750,40,250,250,7680,SMD,Front,Front IP50 / Rear IP 30,14,,4,,,,,,,,,,,,,,,,,
UslimIII,UslimIII SMD 2.5,cabinet,2.5,3500,86.25,28.875,Horizontal,Horizontal,4.5,750,250,40,250,250,7680,SMD,Front,Front IP50 / Rear IP 30,14,,4,,,,,,,,,,,,,,,,,
UslimIII,UslimIII SMD 3.9,cabinet,3.90625,3500,240,80,Horizontal,Horizontal,10.5,500,1000,40,250,250,7680,SMD,Front,Front IP50 / Rear IP 30,14,,4,,,,,,,,,,,,,,,,,
UslimIII,UslimIII SMD 3.9,cabinet,3.90625,3500,120,40,Horizontal,Horizontal,5.4,500,500,40,250,250,7680,SMD,Front,Front IP50 / Rear IP 30,14,,4,,,,,,,,,,,,,,,,,
UslimIII,UslimIII SMD 3.9,cabinet,3.90625,3500,60,20,Horizontal,Horizontal,3.5,500,250,40,250,250,7680,SMD,Front,Front IP50 / Rear IP 30,14,,4,,,,,,,,,,,,,,,,,
UslimIII,UslimIII SMD 3.9,cabinet,3.90625,3500,60,20,Horizontal,Horizontal,3.5,250,500,40,250,250,7680,SMD,Front,Front IP50 / Rear IP 30,14,,4,,,,,,,,,,,,,,,,,
UslimIII,UslimIII SMD 3.9,cabinet,3.90625,3500,90,30,Horizontal,Horizontal,4.5,250,750,40,250,250,7680,SMD,Front,Front IP50 / Rear IP 30,14,,4,,,,,,,,,,,,,,,,,
UslimIII,UslimIII SMD 3.9,cabinet,3.90625,3500,90,30,Horizontal,Horizontal,4.5,750,250,40,250,250,7680,SMD,Front,Front IP50 / Rear IP 30,14,,4,,,,,,,,,,,,,,,,,
Uslim S2,Uslim S2 1.8,cabinet,1.85185,800,215,71.5,Horizontal,Horizontal,11.5,500,1000,48.2,250,250,7680,SMD,Front,Front IP50 / Rear IP 30,14,,1.8,,,,,,,,,,,,,,,,,
Uslim S2,Uslim S2 1.8,cabinet,1.85185,1000,175,58.5,Horizontal,Horizontal,11.5,500,1000,48.2,250,250,3840,SMD,Front,Front IP50 / Rear IP 30,14,,1.8,,,,,,,,,,,,,,,,,
Uslim S2,Uslim S2 1.8,cabinet,1.85185,3000,250,83.5,Horizontal,Horizontal,11.5,500,1000,48.2,250,250,7680,SMD,Front,Front IP50 / Rear IP 30,14,,1.8,,,,,,,,,,,,,,,,,
Uslim S2,Uslim S2 2.5,cabinet,2.5,800,225,75,Horizontal,Horizontal,11.5,500,1000,48.2,250,250,7680,SMD,Front,Front IP50 / Rear IP 30,14,,1.8,,,,,,,,,,,,,,,,,
Uslim S2,Uslim S2 2.5,cabinet,2.5,1000,175,58.5,Horizontal,Horizontal,11.5,500,1000,48.2,250,250,3840,SMD,Front,Front IP50 / Rear IP 30,14,,1.8,,,,,,,,,,,,,,,,,
Uslim S2,Uslim S2 2.5,cabinet,2.5,3000,225,75,Horizontal,Horizontal,11.5,500,1000,48.2,250,250,7680,SMD,Front,Front IP50 / Rear IP 30,14,,1.8,,,,,,,,,,,,,,,,,
Uslim S2,Uslim S2 3.9,cabinet,3.90625,800,225,75,Horizontal,Horizontal,11.5,500,1000,48.2,250,250,7680,SMD,Front,Front IP50 / Rear IP 30,14,,1.8,,,,,,,,,,,,,,,,,
Uslim S2,Uslim S2 3.9,cabinet,3.90625,1000,175,58.5,Horizontal,Horizontal,11.5,500,1000,48.2,250,250,3840,SMD,Front,Front IP50 / Rear IP 30,14,,1.8,,,,,,,,,,,,,,,,,
Uslim S2,Uslim S2 3.9,cabinet,3.90625,3000,225,75,Horizontal,Horizontal,11.5,500,1000,48.2,250,250,7680,SMD,Front,Front IP50 / Rear IP 30,14,,1.8,,,,,,,,,,,,,,,,,
UpanelS,UpanelS 0.9,cabinet,0.953,600,90,30,Vertical,Vertical,7,609.92,343.08,71,304.96,343.08,7680,SMD,Front,Rear IP30,20,/,1.8,,,,,,,,,,,,,,,,,
UpanelS,UpanelS 0.9,cabinet,0.953,800,105,35,Vertical,Vertical,7,609.92,343.08,71,304.96,343.08,7680,SMD,Front,Rear IP30,20,/,1.8,,,,,,,,,,,,,,,,,
UpanelS,UpanelS 1.2,cabinet,1.27067,600,55,18,Vertical,Vertical,7,609.92,343.08,71,304.96,343.08,7680,SMD,Front,Rear IP30,20,/,1.8,,,,,,,,,,,,,,,,,
UpanelS,UpanelS 1.2,cabinet,1.27067,1500,105,32,Vertical,Vertical,7,609.92,343.08,71,304.96,343.08,7680,SMD,Front,Rear IP30,20,/,1.8,,,,,,,,,,,,,,,,,
UpanelS,UpanelS 1.5,cabinet,1.58833,600,50,17,Vertical,Vertical,7,609.92,343.08,71,304.96,343.08,7680,SMD,Front,Rear IP30,20,/,1.8,,,,,,,,,,,,,,,,,
UpanelS,UpanelS 1.5,cabinet,1.58833,1500,90,30,Vertical,Vertical,7,609.92,343.08,71,304.96,343.08,7680,SMD,Front,Rear IP30,20,/,1.8,,,,,,,,,,,,,,,,,
UpanelS,UpanelS 1.9,cabinet,1.906,600,45,15,Vertical,Vertical,7,609.92,343.08,71,304.96,343.08,7680,SMD,Front,Rear IP30,20,/,1.8,,,,,,,,,,,,,,,,,
UpanelS,UpanelS 1.9,cabinet,1.906,1500,85,28,Vertical,Vertical,7,609.92,343.08,71,304.96,343.08,7680,SMD,Front,Rear IP30,20,/,1.8,,,,,,,,,,,,,,,,,
UpanelS,UpanelS 2.5,cabinet,2.54133,600,50,17,Vertical,Vertical,7,609.92,343.08,71,304.96,343.08,7680,SMD,Front,Rear IP30,20,/,1.8,,,,,,,,,,,,,,,,,
UpanelS,UpanelS 2.5,cabinet,2.54133,1200,90,30,Vertical,Vertical,7,609.92,343.08,71,304.96,343.08,7680,SMD,Front,Rear IP30,20,/,1.8,,,,,,,,,,,,,,,,,
UpanelS,UpanelS 0.9(Floor Tile),cabinet,0.953,500,110,36,Vertical,Vertical,6.8,609.92,343.08,71,304.96,343.08,7680,IMD(COS),Front,Rear IP30,20,/,1.8,,,,,,,,,,,,,,,,,
UpanelS,UpanelS 1.2(Floor Tile),cabinet,1.27067,500,100,33,Vertical,Vertical,8.5,609.92,343.08,71,304.96,343.08,7680,IMD(COS),Front,Rear IP30,20,/,1.8,,,,,,,,,,,,,,,,,
UpanelS,UpanelS 1.5(Floor Tile),cabinet,1.58833,600,85,28,Vertical,Vertical,8.5,609.92,343.08,71,304.96,343.08,7680,SMD(COS),Front,Rear IP30,20,/,1.8,,,,,,,,,,,,,,,,,
UpanelS,UpanelS 1.9(Floor Tile),cabinet,1.906,600,80,26,Vertical,Vertical,8.5,609.92,343.08,71,304.96,343.08,7680,SMD(COS),Front,Rear IP30,20,/,1.8,,,,,,,,,,,,,,,,,
UpanelS,UpanelS 2.5(Floor Tile),cabinet,2.54133,600,80,26,Vertical,Vertical,8.5,609.92,343.08,71,304.96,343.08,7680,SMD(COS),Front,Rear IP30,20,/,1.8,,,,,,,,,,,,,,,,,
Upanel II,Upanel II MIP 0.9,cabinet,0.953,600,68,47,Vertical,Vertical,7,609.92,343.08,68,152.48,171.54,7680,MIP,Front,Rear IP60,21,/,1.8,,,,,,,,,,,,,,,,,
Upanel II,Upanel II MIP 0.9,cabinet,0.953,1200,99,57,Vertical,Vertical,7,609.92,343.08,68,152.48,171.54,7680,MIP,Front,Rear IP60,21,/,1.8,,,,,,,,,,,,,,,,,
Upanel II,Upanel II MIP 1.2,cabinet,1.27067,600,56,34,Vertical,Vertical,7,609.92,343.08,68,152.48,171.54,7680,MIP,Front,Rear IP60,21,/,1.8,,,,,,,,,,,,,,,,,
Upanel II,Upanel II MIP 1.2,cabinet,1.27067,1200,88,45,Vertical,Vertical,7,609.92,343.08,68,152.48,171.54,7680,MIP,Front,Rear IP60,21,/,1.8,,,,,,,,,,,,,,,,,
Upanel II,Upanel II MIP 1.5,cabinet,1.58833,600,48,29,Vertical,Vertical,7,609.92,343.08,68,152.48,171.54,7680,MIP,Front,Rear IP60,21,/,1.8,,,,,,,,,,,,,,,,,
Upanel II,Upanel II MIP 1.5,cabinet,1.58833,1200,80,39,Vertical,Vertical,7,609.92,343.08,68,152.48,171.54,7680,MIP,Front,Rear IP60,21,/,1.8,,,,,,,,,,,,,,,,,
Upanel II,Upanel II 0.9,cabinet,0.953,600,85,29,Vertical,Vertical,7,609.92,343.08,68,152.48,171.54,3840,SMD,Front,Rear IP60,19,/,1.8,,,,,,,,,,,,,,,,,
Upanel II,Upanel II 1.2,cabinet,1.27067,600,60,20,Vertical,Vertical,7,609.92,343.08,68,152.48,171.54,3840,SMD,Front,Rear IP60,19,/,1.8,,,,,,,,,,,,,,,,,
Upanel II,Upanel II 1.5,cabinet,1.58833,600,55,19,Vertical,Vertical,7,609.92,343.08,68,152.48,171.54,3840,SMD,Front,Rear IP60,19,/,1.8,,,,,,,,,,,,,,,,,
Upanel II,Upanel II 2.5,cabinet,2.54133,600,50,17,Vertical,Vertical,7,609.92,343.08,68,152.48,171.54,3840,SMD,Front,Rear IP60,19,/,1.8,,,,,,,,,,,,,,,,,
USK,USK 2.6,cabinet,2.60417,5000,300,100,Horizontal,Horizontal,18,500,1000,83,250,250,3840,SMD,Front&Rear,IP69K,14,/,3,,,,,,,,,,,,,,,,,
USK,USK 2.6,cabinet,2.60417,5000,225,75,Horizontal,Horizontal,14.25,500,750,83,250,250,3840,SMD,Front&Rear,IP69K,14,/,3,,,,,,,,,,,,,,,,,
USK,USK 2.6,cabinet,2.60417,6000,325,108.5,Horizontal,Horizontal,18,500,1000,83,250,250,3840,SMD,Front&Rear,IP69K,14,/,3,,,,,,,,,,,,,,,,,
USK,USK 2.6,cabinet,2.60417,6000,243.75,81.375,Horizontal,Horizontal,14.25,500,750,83,250,250,3840,SMD,Front&Rear,IP69K,14,/,3,,,,,,,,,,,,,,,,,
USK,USK 2.9,cabinet,2.97619,5000,300,100,Horizontal,Horizontal,18,500,1000,83,250,250,3840,SMD,Front&Rear,IP69K,14,/,3,,,,,,,,,,,,,,,,,
USK,USK 2.9,cabinet,2.97619,5000,225,75,Horizontal,Horizontal,14.25,500,750,83,250,250,3840,SMD,Front&Rear,IP69K,14,/,3,,,,,,,,,,,,,,,,,
USK,USK 2.9,cabinet,2.97619,6000,325,108.5,Horizontal,Horizontal,18,500,1000,83,250,250,3840,SMD,Front&Rear,IP69K,14,/,3,,,,,,,,,,,,,,,,,
USK,USK 2.9,cabinet,2.97619,6000,243.75,81.375,Horizontal,Horizontal,14.25,500,750,83,250,250,3840,SMD,Front&Rear,IP69K,14,/,3,,,,,,,,,,,,,,,,,
USK,USK 3.9,cabinet,3.90625,5500,300,100,Horizontal,Horizontal,18,500,1000,83,250,250,3840,SMD,Front&Rear,IP69K,14,/,3,,,,,,,,,,,,,,,,,
USK,USK 3.9,cabinet,3.90625,5500,225,75,Horizontal,Horizontal,14.25,500,750,83,250,250,3840,SMD,Front&Rear,IP69K,14,/,3,,,,,,,,,,,,,,,,,
USK,USK 3.9,cabinet,3.90625,6000,290,96.5,Horizontal,Horizontal,18,500,1000,83,250,250,3840,SMD,Front&Rear,IP69K,14,/,3,,,,,,,,,,,,,,,,,
USK,USK 3.9,cabinet,3.90625,6000,217.5,72.375,Horizontal,Horizontal,14.25,500,750,83,250,250,3840,SMD,Front&Rear,IP69K,14,/,3,,,,,,,,,,,,,,,,,
USK,USK 4.8,cabinet,4.80769,5500,300,100,Horizontal,Horizontal,18,500,1000,83,250,250,3840,SMD,Front&Rear,IP69K,14,/,3,,,,,,,,,,,,,,,,,
USK,USK 4.8,cabinet,4.80769,5500,225,75,Horizontal,Horizontal,14.25,500,750,83,250,250,3840,SMD,Front&Rear,IP69K,14,/,3,,,,,,,,,,,,,,,,,
USK,USK 4.8,cabinet,4.80769,6000,290,96.5,Horizontal,Horizontal,18,500,1000,83,250,250,3840,SMD,Front&Rear,IP69K,14,/,3,,,,,,,,,,,,,,,,,
USK,USK 4.8,cabinet,4.80769,6000,217.5,72.375,Horizontal,Horizontal,14.25,500,750,83,250,250,3840,SMD,Front&Rear,IP69K,14,/,3,,,,,,,,,,,,,,,,,
USK,USK 5.9,cabinet,5.95238,5500,300,100,Horizontal,Horizontal,18,500,1000,83,250,250,3840,SMD,Front&Rear,IP69K,14,/,3,,,,,,,,,,,,,,,,,
USK,USK 5.9,cabinet,5.95238,5500,225,75,Horizontal,Horizontal,14.25,500,750,83,250,250,3840,SMD,Front&Rear,IP69K,14,/,3,,,,,,,,,,,,,,,,,
USK,USK 5.9,cabinet,5.95238,6000,290,96.5,Horizontal,Horizontal,18,500,1000,83,250,250,3840,SMD,Front&Rear,IP69K,14,/,3,,,,,,,,,,,,,,,,,
USK,USK 5.9,cabinet,5.95238,6000,217.5,72.375,Horizontal,Horizontal,14.25,500,750,83,250,250,3840,SMD,Front&Rear,IP69K,14,/,3,,,,,,,,,,,,,,,,,
Usurface III,Usurface III 6,cabinet,6.66667,7000,504,167.76,Horizontal,horizontal_left_to_right,20.88,800,900,98,400,300,3840,SMD,Front,IP65,14,/,7,,,,,,,,,,,,,,,,,
Usurface III,Usurface III 6,cabinet,6.66667,7000,672,223.68,Horizontal,horizontal_left_to_right,27.84,800,1200,98,400,300,3840,SMD,Front,IP65,14,/,7,,,,,,,,,,,,,,,,,
Usurface III,Usurface III 6,cabinet,6.66667,8000,540,180,Horizontal,horizontal_left_to_right,20.88,800,900,98,400,300,3840,SMD,Front,IP65,14,/,7,,,,,,,,,,,,,,,,,
Usurface III,Usurface III 6,cabinet,6.66667,8000,720,240,Horizontal,horizontal_left_to_right,27.84,800,1200,98,400,300,3840,SMD,Front,IP65,14,/,7,,,,,,,,,,,,,,,,,
Usurface III,Usurface III 6,cabinet,6.66667,10000,576,192.24,Horizontal,horizontal_left_to_right,20.88,800,900,98,400,300,3840,SMD,Front,IP65,14,/,7,,,,,,,,,,,,,,,,,
Usurface III,Usurface III 6,cabinet,6.66667,10000,768,256.32,Horizontal,horizontal_left_to_right,27.84,800,1200,98,400,300,3840,SMD,Front,IP65,14,/,7,,,,,,,,,,,,,,,,,
Usurface III,Usurface III 8,cabinet,8.33333,7000,504,167.76,Horizontal,horizontal_left_to_right,20.88,800,900,98,400,300,3840,SMD,Front,IP65,14,/,7,,,,,,,,,,,,,,,,,
Usurface III,Usurface III 8,cabinet,8.33333,7000,672,223.68,Horizontal,horizontal_left_to_right,27.84,800,1200,98,400,300,3840,SMD,Front,IP65,14,/,7,,,,,,,,,,,,,,,,,
Usurface III,Usurface III 8,cabinet,8.33333,8000,540,180,Horizontal,horizontal_left_to_right,20.88,800,900,98,400,300,3840,SMD,Front,IP65,14,/,7,,,,,,,,,,,,,,,,,
Usurface III,Usurface III 8,cabinet,8.33333,8000,720,240,Horizontal,horizontal_left_to_right,27.84,800,1200,98,400,300,3840,SMD,Front,IP65,14,/,7,,,,,,,,,,,,,,,,,
Usurface III,Usurface III 8,cabinet,8.33333,10000,576,192.24,Horizontal,horizontal_left_to_right,20.88,800,900,98,400,300,3840,SMD,Front,IP65,14,/,7,,,,,,,,,,,,,,,,,
Usurface III,Usurface III 8,cabinet,8.33333,10000,768,256.32,Horizontal,horizontal_left_to_right,27.84,800,1200,98,400,300,3840,SMD,Front,IP65,14,/,7,,,,,,,,,,,,,,,,,
Usurface III,Usurface III 10,cabinet,10,7000,504,167.76,Horizontal,horizontal_left_to_right,20.88,800,900,98,400,300,3840,SMD,Front,IP65,14,/,7,,,,,,,,,,,,,,,,,
Usurface III,Usurface III 10,cabinet,10,7000,672,223.68,Horizontal,horizontal_left_to_right,27.84,800,1200,98,400,300,3840,SMD,Front,IP65,14,/,7,,,,,,,,,,,,,,,,,
Usurface III,Usurface III 10,cabinet,10,8000,540,180,Horizontal,horizontal_left_to_right,20.88,800,900,98,400,300,3840,SMD,Front,IP65,14,/,7,,,,,,,,,,,,,,,,,
Usurface III,Usurface III 10,cabinet,10,8000,720,240,Horizontal,horizontal_left_to_right,27.84,800,1200,98,400,300,3840,SMD,Front,IP65,14,/,7,,,,,,,,,,,,,,,,,
Usurface III,Usurface III 10,cabinet,10,10000,576,192.24,Horizontal,horizontal_left_to_right,20.88,800,900,98,400,300,3840,SMD,Front,IP65,14,/,7,,,,,,,,,,,,,,,,,
Usurface III,Usurface III 10,cabinet,10,10000,768,256.32,Horizontal,horizontal_left_to_right,27.84,800,1200,98,400,300,3840,SMD,Front,IP65,14,/,7,,,,,,,,,,,,,,,,,
Usurface GM,Usurface GN 5.71,cabinet,5.71429,7500,626.688,209.2032,Horizontal,horizontal_left_to_right,24.4224,960,960,85,480,320,7680,SMD,Front&Rear,IP69K,14,/,7,,,,,,,,,,,,,,,,,
Usurface GM,Usurface GN 5.71,cabinet,5.71429,8000,479.232,159.4368,Horizontal,horizontal_left_to_right,24.4224,960,960,85,480,320,7680,SMD,Front&Rear,IP69K,14,/,7,,,,,,,,,,,,,,,,,
Usurface GM,Usurface GN 6.67,cabinet,6.66667,7500,626.688,209.2032,Horizontal,horizontal_left_to_right,24.4224,960,960,85,480,320,7680,SMD,Front&Rear,IP69K,14,/,7,,,,,,,,,,,,,,,,,
Usurface GM,Usurface GN 6.67,cabinet,6.66667,8000,479.232,159.4368,Horizontal,horizontal_left_to_right,24.4224,960,960,85,480,320,7680,SMD,Front&Rear,IP69K,14,/,7,,,,,,,,,,,,,,,,,
Usurface GM,Usurface GN 8,cabinet,8,7500,626.688,209.2032,Horizontal,horizontal_left_to_right,24.4224,960,960,85,480,320,7680,SMD,Front&Rear,IP69K,14,/,7,,,,,,,,,,,,,,,,,
Usurface GM,Usurface GN8,cabinet,8,8000,479.232,159.4368,Horizontal,horizontal_left_to_right,24.4224,960,960,85,480,320,7680,SMD,Front&Rear,IP69K,14,/,7,,,,,,,,,,,,,,,,,
Usurface GM,Usurface GN 10,cabinet,10,7500,626.688,209.2032,Horizontal,horizontal_left_to_right,24.4224,960,960,85,480,320,7680,SMD,Front&Rear,IP69K,14,/,7,,,,,,,,,,,,,,,,,
Usurface GM,Usurface GN 10,cabinet,10,8000,479.232,159.4368,Horizontal,horizontal_left_to_right,24.4224,960,960,85,480,320,7680,SMD,Front&Rear,IP69K,14,/,7,,,,,,,,,,,,,,,,,
Ustorm III,Ustorm III 10,cabinet,10,8000,273.6,91.44,Horizontal,horizontal_left_to_right,23.4,800,900,107,400,300,3840,DIP,Front,IP65,14,/,7,,,,,,,,,,,,,,,,,
Ustorm III,Ustorm III 10,cabinet,10,10000,338.4,113.04,Horizontal,horizontal_left_to_right,23.4,800,900,107,400,300,3840,DIP,Front,IP65,14,/,7,,,,,,,,,,,,,,,,,
Ustorm III,Ustorm III 16,cabinet,16.66667,8000,273.6,91.44,Horizontal,horizontal_left_to_right,22.104,800,900,101,400,300,3840,DIP,Front,IP65,14,/,7,,,,,,,,,,,,,,,,,
Ustorm III,Ustorm III 16,cabinet,16.66667,10000,338.4,113.04,Horizontal,horizontal_left_to_right,22.104,800,900,101,400,300,3840,DIP,Front,IP65,14,/,7,,,,,,,,,,,,,,,,,
Usurface PL1,Usurface PL1 6,cabinet,6.25,7500,650,217,Horizontal,horizontal_left_to_right,23.5,1000,1000,107,500,250,7680,SMD,Front,IP66,14,/,7,,,,,,,,,,,,,,,,,
Usurface PL1,Usurface PL1 6,cabinet,6.25,10000,650,217,Horizontal,horizontal_left_to_right,23.5,1000,1000,107,500,250,7680,SMD,Front,IP66,14,/,7,,,,,,,,,,,,,,,,,
Usurface PL1,Usurface PL1 7,cabinet,7.8125,7500,650,217,Horizontal,horizontal_left_to_right,23.5,1000,1000,107,500,250,7680,SMD,Front,IP66,14,/,7,,,,,,,,,,,,,,,,,
Usurface PL1,Usurface PL1 7,cabinet,7.8125,10000,650,217,Horizontal,horizontal_left_to_right,23.5,1000,1000,107,500,250,7680,SMD,Front,IP66,14,/,7,,,,,,,,,,,,,,,,,
Usurface PL1,Usurface PL1 10,cabinet,10.41667,7500,650,217,Horizontal,horizontal_left_to_right,23.5,1000,1000,107,500,250,7680,SMD,Front,IP66,14,/,7,,,,,,,,,,,,,,,,,
Usurface PL1,Usurface PL1 10,cabinet,10.41667,10000,650,217,Horizontal,horizontal_left_to_right,23.5,1000,1000,107,500,250,7680,SMD,Front,IP66,14,/,7,,,,,,,,,,,,,,,,,
URMIII ,URMIII 1.9  (indoor),cabinet,1.95313,1000,130,45,Horizontal,Horizontal,7.5,500,500,71,250,250,7680,SMD,Front&Rear,IP65,14,/,7,,,,,,,,,,,,,,,,,
URMIII ,URMIII 2.6  (indoor),cabinet,2.60417,1000,130,45,Horizontal,Horizontal,7.5,500,500,71,250,250,7680,SMD,Front&Rear,IP65,14,/,7,,,,,,,,,,,,,,,,,
URMIII ,URMIII 2.9  (indoor),cabinet,2.97619,800,120,35,Horizontal,Horizontal,7.3,500,500,71,250,250,7680,SMD,Front&Rear,IP65,14,/,7,,,,,,,,,,,,,,,,,
URMIII ,URMIII 2.9  (indoor),cabinet,2.97619,800,240,70,Horizontal,Horizontal,12.5,500,1000,71,250,250,7680,SMD,Front&Rear,IP65,14,/,7,,,,,,,,,,,,,,,,,
URMIII ,URMIII 02  (outdoor),cabinet,2.97619,3500,145,45,Horizontal,Horizontal,7.5,500,500,71,250,250,7680,SMD,Rear,IP65,14,/,7,,,,,,,,,,,,,,,,,
URMIII ,URMIII 02   (outdoor),cabinet,2.97619,3500,290,90,Horizontal,Horizontal,13.2,500,1000,71,250,250,7680,SMD,Rear,IP65,14,/,7,,,,,,,,,,,,,,,,,
URMIII ,URMIII 3.9  (indoor),cabinet,3.90625,800,120,35,Horizontal,Horizontal,7.3,500,500,71,250,250,7680,SMD,Front&Rear,IP65,14,/,7,,,,,,,,,,,,,,,,,
URMIII ,URMIII 3.9  (indoor),cabinet,3.90625,800,240,70,Horizontal,Horizontal,12.5,500,1000,71,250,250,7680,SMD,Front&Rear,IP65,14,/,7,,,,,,,,,,,,,,,,,
URMIII ,URMIII 03 (outdoor),cabinet,3.90625,3500,135,40,Horizontal,Horizontal,7.5,500,500,71,250,250,7680,SMD,Rear,IP65,14,/,7,,,,,,,,,,,,,,,,,
URMIII ,URMIII 03 (outdoor),cabinet,3.90625,3500,270,80,Horizontal,Horizontal,13.2,500,1000,71,250,250,7680,SMD,Rear,IP65,14,/,7,,,,,,,,,,,,,,,,,
URMIII ,URMIII 04 (outdoor),cabinet,4.80769,4500,135,40,Horizontal,Horizontal,7.5,500,500,71,250,250,7680,SMD,Rear,IP65,14,/,7,,,,,,,,,,,,,,,,,
URMIII ,URMIII 04  (outdoor),cabinet,4.80769,4500,270,80,Horizontal,Horizontal,13.2,500,1000,71,250,250,7680,SMD,Rear,IP65,14,/,7,,,,,,,,,,,,,,,,,
URMIII ,URMIII 05 (outdoor),cabinet,5.95238,4500,135,40,Horizontal,Horizontal,7.5,500,500,71,250,250,7680,SMD,Rear,IP65,14,/,7,,,,,,,,,,,,,,,,,
URMIII ,URMIII 05 (outdoor),cabinet,5.95238,4500,270,80,Horizontal,Horizontal,13.2,500,1000,71,250,250,7680,SMD,Rear,IP65,14,/,7,,,,,,,,,,,,,,,,,
UpadIV,UpadIV 1.5 (IMD),cabinet,1.5625,800,150,45,Horizontal,Horizontal,7.6,500,500,70.1,250,250,7680,IMD,Front&Rear,IP30,16,/,1.5,,,,,,,,,,,,,,,,,
UpadIV,UpadIV 1.5 (MIP),cabinet,1.5625,800,80,25,Horizontal,Horizontal,6.3,500,500,70.1,250,250,3840,MIP,Front&Rear,IP30,14,/,1.5,,,,,,,,,,,,,,,,,
UpadIV,UpadIV 1.5 (VP),cabinet,1.5625,1500,180,60,Horizontal,Horizontal,7.3,500,500,70.1,250,250,15360,SMD,Front&Rear,IP30,14,/,1.5,,,,,,,,,,,,,,,,,
UpadIV,UpadIV 1.9 ,cabinet,1.95313,800,120,40,Horizontal,Horizontal,6.3,500,500,70.1,250,250,7680,SMD,Front&Rear,IP30,14,/,1.5,,,,,,,,,,,,,,,,,
UpadIV,UpadIV 1.9 (U-Shield SMD),cabinet,1.95313,1000,130,45,Horizontal,Horizontal,6.3,500,500,70.1,250,250,7680,SMD,Front&Rear,IP30,14,/,1.5,,,,,,,,,,,,,,,,,
UpadIV,UpadIV 1.9 (XR),cabinet,1.95313,1200,120,40,Horizontal,Horizontal,6.3,500,500,70.1,250,250,7680,SMD,Front&Rear,IP30,14,/,1.5,,,,,,,,,,,,,,,,,
UpadIV,UpadIV 1.9 (VP),cabinet,1.95313,1500,150,50,Horizontal,Horizontal,7.6,500,500,70.1,250,250,15360,SMD,Front&Rear,IP30,14,/,1.5,,,,,,,,,,,,,,,,,
UpadIV,UpadIV 2.6 (U-Shield SMD),cabinet,2.60417,1500,135,45,Horizontal,Horizontal,6.3,500,500,70.1,250,250,7680,SMD,Front&Rear,IP30,14,/,1.5,,,,,,,,,,,,,,,,,
UpadIV,UpadIV 2.6 (XR),cabinet,2.60417,1200,150,50,Horizontal,Horizontal,6.3,500,500,70.1,250,250,7680,SMD,Front&Rear,IP30,14,/,1.5,,,,,,,,,,,,,,,,,
UpadIV,UpadIV 2.6 (VP),cabinet,2.60417,1500,160,55,Horizontal,Horizontal,7.6,500,500,70.1,250,250,7680,SMD,Front&Rear,IP30,14,/,1.5,,,,,,,,,,,,,,,,,
UpadIV PRO,UpadIV Pro 1.5 (IMD),cabinet,1.5625,800,150,45,Horizontal,Horizontal,7.6,500,500,72,250,250,7680,IMD,Front&Rear,IP30,16,/,1.5,,,,,,,,,,,,,,,,,
UpadIV PRO,UpadIV Pro 1.5 (MIP),cabinet,1.5625,800,80,25,Horizontal,Horizontal,6.3,500,500,72,250,250,3840,MIP,Front&Rear,IP30,16,/,1.5,,,,,,,,,,,,,,,,,
UpadIV PRO,UpadIV Pro 1.5 (VP),cabinet,1.5625,1500,180,60,Horizontal,Horizontal,7.6,500,500,72,250,250,7680,SMD,Front&Rear,IP30,16,/,1.5,,,,,,,,,,,,,,,,,
UpadIV PRO,UpadIV Pro 1.9 (XR),cabinet,1.95313,1200,130,45,Horizontal,Horizontal,6.3,500,500,72,250,250,7680,SMD,Front&Rear,IP30,16,/,1.5,,,,,,,,,,,,,,,,,
UpadIV PRO,UpadIV Pro 1.9 (VP),cabinet,1.95313,1500,150,50,Horizontal,Horizontal,7.6,500,500,72,250,250,15360,SMD,Front&Rear,IP30,16,/,1.5,,,,,,,,,,,,,,,,,
UpadIV PRO,UpadIV Pro 2.6 (XR),cabinet,2.60417,1200,150,50,Horizontal,Horizontal,6.3,500,500,72,250,250,7680,SMD,Front&Rear,IP30,16,/,1.5,,,,,,,,,,,,,,,,,
UpadIV PRO,UpadIV Pro 2.6 (VP),cabinet,2.60417,1500,160,55,Horizontal,Horizontal,7.6,500,500,72,250,250,7680,SMD,Front&Rear,IP30,16,/,1.5,,,,,,,,,,,,,,,,,
UGN II,UGN II 1.2,cabinet,1.25,1200,100,60,Horizontal,Horizontal,7.2,500,500,66,250,250,7680,MIP,Front&Rear,IP30,14,/,1.5,,,,,,,,,,,,,,,,,
UGN II,UGN II 1.5 (HOB),cabinet,1.5625,800,120,40,Horizontal,Horizontal,7.2,500,500,66,250,250,7680,SMD,Front&Rear,IP30,14,/,1.5,,,,,,,,,,,,,,,,,
UGN II,UGN II 1.9,cabinet,1.95313,800,120,40,Horizontal,Horizontal,7,500,500,66,250,250,7680,SMD,Front&Rear,IP30,14,/,1.5,,,,,,,,,,,,,,,,,
UGN II,UGN II 1.9 (HOB),cabinet,1.95313,800,120,40,Horizontal,Horizontal,7.2,500,500,66,250,250,7680,SMD,Front&Rear,IP30,14,/,1.5,,,,,,,,,,,,,,,,,
UGN II,UGN II 1.9 ,cabinet,1.95313,1000,135,45,Horizontal,Horizontal,7.2,500,500,66,250,250,7680,SMD,Front&Rear,IP30,14,/,1.5,,,,,,,,,,,,,,,,,
UGN II,UGN II 2.6,cabinet,2.60417,800,120,40,Horizontal,Horizontal,7,500,500,66,250,250,7680,SMD,Front&Rear,IP30,14,/,1.5,,,,,,,,,,,,,,,,,
UGN II,UGN II 2.6,cabinet,2.60417,1000,135,45,Horizontal,Horizontal,7,500,500,66,250,250,7680,SMD,Front&Rear,IP30,14,/,1.5,,,,,,,,,,,,,,,,,
UGM II Upgrade,UGM II 2.6 (indoor),cabinet,2.60417,800,120,35,Horizontal,Horizontal,6.4,500,500,63,250,250,7680,SMD,Front&Rear,IP30,14,/,1.5,,,,,,,,,,,,,,,,,
UGM II Upgrade,UGM II 2.9 (indoor),cabinet,2.97619,800,120,35,Horizontal,Horizontal,6.4,500,500,63,250,250,7680,SMD,Front&Rear,IP30,14,/,1.5,,,,,,,,,,,,,,,,,
UGM II Upgrade,UGM II 2.9 (indoor),cabinet,2.97619,800,240,70,Horizontal,Horizontal,11.8,500,1000,63,250,250,7680,SMD,Front&Rear,IP30,14,/,1.5,,,,,,,,,,,,,,,,,
UGM II Upgrade,UGM II 3.9 (indoor),cabinet,3.90625,800,120,35,Horizontal,Horizontal,6.4,500,500,63,250,250,7680,SMD,Front&Rear,IP30,14,/,1.5,,,,,,,,,,,,,,,,,
UGM II Upgrade,UGM II 3.9 (indoor),cabinet,3.90625,800,240,70,Horizontal,Horizontal,11.8,500,1000,63,250,250,7680,SMD,Front&Rear,IP30,14,/,1.5,,,,,,,,,,,,,,,,,
UGM II Upgrade,UGM II 03 (outdoor),cabinet,3.90625,4000,135,40,Horizontal,Horizontal,6.8,500,500,64,250,250,7680,SMD,Front&Rear,IP65,14,/,1.5,,,,,,,,,,,,,,,,,
UGM II Upgrade,UGM II 03 (outdoor),cabinet,3.90625,4000,270,80,Horizontal,Horizontal,12,500,1000,64,250,250,7680,SMD,Front&Rear,IP65,14,/,1.5,,,,,,,,,,,,,,,,,
UGM II Upgrade,UGM II 04 (outdoor),cabinet,4.80769,3800,130,40,Horizontal,Horizontal,6.8,500,500,64,250,250,7680,SMD,Front&Rear,IP65,14,/,1.5,,,,,,,,,,,,,,,,,
UGM II Upgrade,UGM II 04 (outdoor),cabinet,4.80769,3800,260,80,Horizontal,Horizontal,12,500,1000,64,250,250,7680,SMD,Front&Rear,IP65,14,/,1.5,,,,,,,,,,,,,,,,,
UsportMA II,UsportMA II 3.9,cabinet,3.90625,800,85,28.25,Horizontal,Horizontal,6.125,500,500,50.4,250,250,3840,SMD,Front&Rear,IP65,14,/,1.5,,,,,,,,,,,,,,,,,
UsportMA II,UsportMA II 3.9,cabinet,3.90625,800,170,56.5,Horizontal,Horizontal,12.25,500,1000,50.4,250,250,3840,SMD,Front&Rear,IP65,14,/,1.5,,,,,,,,,,,,,,,,,
UsportMA II,UsportMA II 3.9,cabinet,3.90625,1200,115,38.25,Horizontal,Horizontal,6.125,500,500,50.4,250,250,3840,SMD,Front&Rear,IP65,14,/,1.5,,,,,,,,,,,,,,,,,
UsportMA II,UsportMA II 3.9,cabinet,3.90625,1200,230,76.5,Horizontal,Horizontal,12.25,500,1000,50.4,250,250,3840,SMD,Front&Rear,IP65,14,/,1.5,,,,,,,,,,,,,,,,,
UsportMA II,UsportMA II 4.8,cabinet,4.80769,800,85,28.25,Horizontal,Horizontal,6.125,500,500,50.4,250,250,3840,SMD,Front&Rear,IP65,14,/,1.5,,,,,,,,,,,,,,,,,
UsportMA II,UsportMA II 4.8,cabinet,4.80769,800,170,56.5,Horizontal,Horizontal,12.25,500,1000,50.4,250,250,3840,SMD,Front&Rear,IP65,14,/,1.5,,,,,,,,,,,,,,,,,
UsportMA II,UsportMA II 4.8,cabinet,4.80769,1200,115,38.25,Horizontal,Horizontal,6.125,500,500,50.4,250,250,3840,SMD,Front&Rear,IP65,14,/,1.5,,,,,,,,,,,,,,,,,
UsportMA II,UsportMA II 4.8,cabinet,4.80769,1200,230,76.5,Horizontal,Horizontal,12.25,500,1000,50.4,250,250,3840,SMD,Front&Rear,IP65,14,/,1.5,,,,,,,,,,,,,,,,,
UsportX ,UsportX 6,cabinet,6.25,6000,936,312.48,Horizontal,Horizontal,56.16,1600,900,105,400,300,7680,SMD,Front&Rear,IP65,15,/,6,,,,,,,,,,,,,,,,,
UsportX ,UsportX 8,cabinet,8.33333,6000,936,312.48,Horizontal,Horizontal,56.16,1600,900,105,400,300,7680,SMD,Front&Rear,IP65,15,/,8,,,,,,,,,,,,,,,,,
UsportX ,UsportX 10,cabinet,10,6000,936,312.48,Horizontal,Horizontal,56.16,1600,900,105,400,300,7680,SMD,Front&Rear,IP65,15,/,10,,,,,,,,,,,,,,,,,
UsportX ,UsportX 12,cabinet,12.5,6000,936,312.48,Horizontal,Horizontal,56.16,1600,900,105,400,300,7680,SMD,Front&Rear,IP65,15,/,12,,,,,,,,,,,,,,,,,
UTV SC,UTV SC108,all-in-one,1.25,600,892,524,/,/,80,2411,1476,30.4,600,337.5,3840,COB,Front,Indoor,19,/,1.5,indoor,Die-cast Aluminum,Support brightness and chroma,Manual/Automatic,2000K-9500K Adjustable,H:170°/V:160°,10000:1,AC 100V~240V 50-60Hz,108,16:9,1920,1080,Android 13.0,20W*2,5.0,WiFi 5+WiFi 6,SPDIF*1/USB2.0*1/HDMI in*2/USB3.0*3/USB-D*1/Audio out*1/LAN*2/RS232*1,4,4,600,337.5
UTV SC,UTV SC135,all-in-one,1.5625,600,1260,685,/,/,126,3011,1813.5,30.4,600,337.5,3840,COB,Front,Indoor,13,/,1.5,indoor,Die-cast Aluminum,Support brightness and chroma,Manual/Automatic,2000K-9500K Adjustable,H:170°/V:160°,10000:1,AC 100V~240V 50-60Hz,135,16:9,1920,1080,Android 13.0,20W*2,5.0,WiFi 5+WiFi 6,SPDIF*1/USB2.0*1/HDMI in*2/USB3.0*3/USB-D*1/Audio out*1/LAN*2,5,5,600,337.5
UTV SC,UTV SC162,all-in-one,1.875,600,1790,1032,/,/,180,3611,2151,30.4,600,337.5,3840,COB,Front,Indoor,13,/,1.8,indoor,Die-cast Aluminum,Support brightness and chroma,Manual/Automatic,2000K-9500K Adjustable,H:170°/V:160°,10000:1,AC 100V~240V 50-60Hz,162,16:9,1920,1080,Android 13.0,20W*2,5.0,WiFi 5+WiFi 6,SPDIF*1/USB2.0*1/HDMI in*2/USB3.0*3/USB-D*1/Audio out*1/LAN*2,6,6,600,337.5
UTV SC,UTV SC162U,all-in-one,0.9375,600,2220,1572,/,/,180,3611,2151,30.4,600,337.5,3840,COB,Front,Indoor,13,/,0.9,indoor,Die-cast Aluminum,Support brightness and chroma,Manual/Automatic,2000K-9500K Adjustable,H:170°/V:160°,10000:1,AC 100V~240V 50-60Hz,162,16:9,3840,2160,Android 13.0,20W*2,5.0,WiFi 5+WiFi 6,SPDIF*1/USB2.0*1/HDMI in*2/USB3.0*3/USB-D*1/Audio out*1/LAN*2,6,6,600,337.5
UTV W,UTV W135,all-in-one,1.5625,400,1550,520,/,/,148,3020,1822.5,46,600,337.5,3840,SMD,Front,Indoor,12,/,1.5,indoor,Die-cast Aluminum,Support brightness and chroma,Manual/Automatic,2000K-9500K Adjustable,H:160°/V:160°,5000:1,AC 100V~240V 50-60Hz,135,16:9,1920,1080,Android 11.0,/,5.0,WiFi 5+WiFi 6,SPDIF*1/USB2.0*1/HDMI in*2/USB3.0*3/USB-D*1/Audio out*1/LAN*2,5,5,600,337.5
UTV W,UTV W162,all-in-one,1.875,400,1930,643,/,/,215,3620,2160,46,600,337.5,3840,SMD,Front,Indoor,12,/,1.8,indoor,Die-cast Aluminum,Support brightness and chroma,Manual/Automatic,2000K-9500K Adjustable,H:160°/V:160°,5000:1,AC 100V~240V 50-60Hz,162,16:9,1920,1080,Android 11.0,/,5.0,WiFi 5+WiFi 6,SPDIF*1/USB2.0*1/HDMI in*2/USB3.0*3/USB-D*1/Audio out*1/LAN*2,6,6,600,337.5
UMini X,UMini X 0.9,cabinet,0.9375,800,73,46,Vertical,Vertical,4.3,600,337.5,29.8,150,168.75,3840,COB,Front,Front IP65,19,/,0.9,indoor,Die-cast Aluminum,Support brightness and chroma,Manual/Automatic,2000K-9500K Adjustable,H:170°/V:160°,12000:1,AC 100~240V (50&60Hz),,,,,,,,,
UMini X,UMini X 1.2,cabinet,1.25,800,65,33,Vertical,Vertical,4.3,600,337.5,29.8,150,168.75,3840,COB,Front,Front IP65,18,/,1.2,indoor,Die-cast Aluminum,Support brightness and chroma,Manual/Automatic,2000K-9500K Adjustable,H:170°/V:160°,12000:1,AC 100~240V (50&60Hz),,,,,,,,,
UMini X,UMini X 1.5,cabinet,1.5625,800,63,30,Vertical,Vertical,4.3,600,337.5,29.8,150,168.75,3840,COB,Front,Front IP65,19,/,1.5,indoor,Die-cast Aluminum,Support brightness and chroma,Manual/Automatic,2000K-9500K Adjustable,H:170°/V:160°,12000:1,AC 100~240V (50&60Hz),,,,,,,,,
Umate PN,Umate PN 1.2,cabinet,1.25,600,111,37,Vertical,Vertical,4.07,600,337.5,43,150,337.5,3840,SMD,Front,IP30,16,/,1.2,indoor,Die-cast Aluminum,Support brightness and chroma,Manual/Automatic,2000K-9500K Adjustable,H:160°/V:160°,5000:1,AC 100~240V (50&60Hz),,,,,,,,,
Umate PN,Umate PN 1.5,cabinet,1.5625,600,100,33,Vertical,Vertical,4.07,600,337.5,43,150,337.5,3840,SMD,Front,IP30,16,/,1.5,indoor,Die-cast Aluminum,Support brightness and chroma,Manual/Automatic,2000K-9500K Adjustable,H:160°/V:160°,5000:1,AC 100~240V (50&60Hz),,,,,,,,,
Umate PN,Umate PN 1.8,cabinet,1.87,500,90,30,Vertical,Vertical,4.07,600,337.5,43,150,337.5,3840,SMD,Front,IP30,16,/,1.8,indoor,Die-cast Aluminum,Support brightness and chroma,Manual/Automatic,2000K-9500K Adjustable,H:160°/V:160°,5000:1,AC 100~240V (50&60Hz),,,,,,,,,
Umate LM,Umate LM 1.9,cabinet,1.9,800,230,77,Horizontal,horizontal_right_to_left,10,500,1000,40,250,250,3840,SMD,Front,IP30,14,/,1.9,indoor,Die-cast Aluminum,Support brightness and chroma,Manual/Automatic,2000K-9500K Adjustable,H:160°/V:160°,5000:1,AC 100~240V (50&60Hz),,,,,,,,,
Umate LM,Umate LM 2.5,cabinet,2.5,800,225,75,Horizontal,horizontal_right_to_left,10,500,1000,40,250,250,3840,SMD,Front,IP30,14,/,2.5,indoor,Die-cast Aluminum,Support brightness and chroma,Manual/Automatic,2000K-9500K Adjustable,H:160°/V:160°,5000:1,AC 100~240V (50&60Hz),,,,,,,,,
Umate LM,Umate LM 3.9,cabinet,3.9,800,225,75,Horizontal,horizontal_right_to_left,10,500,1000,40,250,250,3840,SMD,Front,IP30,14,/,3.9,indoor,Die-cast Aluminum,Support brightness and chroma,Manual/Automatic,2000K-9500K Adjustable,H:160°/V:160°,5000:1,AC 100~240V (50&60Hz),,,,,,,,,
Umate SF,Umate SF 4.4,cabinet,4.44,5500,599,199,Horizontal,horizontal_right_to_left,21,960,960,91.9,480,320,3840,SMD,Front&Rear,IP65,16,/,4.4,outdoor,Die-cast Aluminum,Support brightness and chroma,Manual/Automatic,2000K-9500K Adjustable,H:140°/V:120°,5000:1,AC 100~240V (50&60Hz),,,,,,,,,
Umate SF,Umate SF 6.67,cabinet,6.67,7500,645,215,Horizontal,horizontal_right_to_left,21,960,960,91.9,480,320,3840,SMD,Front&Rear,IP65,16,/,6.67,outdoor,Die-cast Aluminum,Support brightness and chroma,Manual/Automatic,2000K-9500K Adjustable,H:160°/V:100°,7500:1,AC 100~240V (50&60Hz),,,,,,,,,
Umate SF,Umate SF 8,cabinet,8,7500,645,215,Horizontal,horizontal_right_to_left,21,960,960,91.9,480,320,3840,SMD,Front&Rear,IP65,16,/,8,outdoor,Die-cast Aluminum,Support brightness and chroma,Manual/Automatic,2000K-9500K Adjustable,H:150°/V:110°,7500:1,AC 100~240V (50&60Hz),,,,,,,,,
Umate SF,Umate SF 10,cabinet,10,7500,645,215,Horizontal,horizontal_right_to_left,21,960,960,91.9,480,320,3840,SMD,Front&Rear,IP65,16,/,10,outdoor,Die-cast Aluminum,Support brightness and chroma,Manual/Automatic,2000K-9500K Adjustable,H:160°/V:110°,10000:1,AC 100~240V (50&60Hz),,,,,,,,,
FCQ,FCQ 1.2,cabinet,1.25,500,82,27,Horizontal,horizontal_right_to_left,4.2,640,360,39,320,180,3840,SMD,Front&Rear,IP30,14,/,1.2,indoor,Die-cast Aluminum,Support brightness and chroma,Manual/Automatic,2000K-9300K Adjustable,H:160°/V:140°,9000:1,AC 100~240V (50&60Hz),,,,,,,,,
FCQ,FCQ 1.5,cabinet,1.538,500,82,27,Horizontal,horizontal_right_to_left,4.2,640,360,39,320,180,3840,SMD,Front&Rear,IP30,14,/,1.5,indoor,Die-cast Aluminum,Support brightness and chroma,Manual/Automatic,2000K-9300K Adjustable,H:160°/V:140°,9000:1,AC 100~240V (50&60Hz),,,,,,,,,
FCQ,FCQ 1.8,cabinet,1.89,600,91,30,Horizontal,horizontal_right_to_left,4.2,640,360,39,320,180,3840,SMD,Front&Rear,IP30,14,/,1.8,indoor,Die-cast Aluminum,Support brightness and chroma,Manual/Automatic,2000K-9300K Adjustable,H:160°/V:140°,9000:1,AC 100~240V (50&60Hz),,,,,,,,,
FCQ,FCQ 2,cabinet,2,600,82,27,Horizontal,horizontal_right_to_left,4.2,640,360,39,320,180,3840,SMD,Front&Rear,IP30,14,/,2,indoor,Die-cast Aluminum,Support brightness and chroma,Manual/Automatic,2000K-9300K Adjustable,H:160°/V:140°,9000:1,AC 100~240V (50&60Hz),,,,,,,,,
FCQ,FCQ 2.5,cabinet,2.5,600,77,26,Horizontal,horizontal_right_to_left,4.2,640,360,39,320,180,3840,SMD,Front&Rear,IP30,14,/,2.5,indoor,Die-cast Aluminum,Support brightness and chroma,Manual/Automatic,2000K-9300K Adjustable,H:160°/V:140°,9000:1,AC 100~240V (50&60Hz),,,,,,,,,
UDAII,UDAII 1.2,cabinet,1.25,600,160,48,Horizontal,horizontal_right_to_left,7.8,640,480,61.5,320,160,4200,SMD,Front,IP30,14,/,1.2,indoor,Die-cast Aluminum,Support brightness and chroma,Manual/Automatic,2000K-9300K Adjustable,H:160°/V:140°,5000:1,AC 100~240V (50&60Hz),,,,,,,,,
UDAII,UDAII 1.5,cabinet,1.538,600,119,36,Horizontal,horizontal_right_to_left,7.8,640,480,61.5,320,160,4200,SMD,Front,IP30,14,/,1.5,indoor,Die-cast Aluminum,Support brightness and chroma,Manual/Automatic,2000K-9300K Adjustable,H:160°/V:140°,5000:1,AC 100~240V (50&60Hz),,,,,,,,,
UDAII,UDAII 1.8,cabinet,1.86,600,129,43,Horizontal,horizontal_right_to_left,7.8,640,480,61.5,320,160,4200,SMD,Front,IP30,14,/,1.8,indoor,Die-cast Aluminum,Support brightness and chroma,Manual/Automatic,2000K-9300K Adjustable,H:160°/V:140°,5000:1,AC 100~240V (50&60Hz),,,,,,,,,
UDAII,UDAII 2,cabinet,2,600,125,38,Horizontal,horizontal_right_to_left,7.8,640,480,61.5,320,160,4200,SMD,Front,IP30,14,/,2,indoor,Die-cast Aluminum,Support brightness and chroma,Manual/Automatic,2000K-9300K Adjustable,H:160°/V:140°,5000:1,AC 100~240V (50&60Hz),,,,,,,,,
UDAII,UDAII 2.5,cabinet,2.5,600,109,33,Horizontal,horizontal_right_to_left,7.8,640,480,61.5,320,160,4200,SMD,Front,IP30,14,/,2.5,indoor,Die-cast Aluminum,Support brightness and chroma,Manual/Automatic,2000K-9300K Adjustable,H:160°/V:140°,5000:1,AC 100~240V (50&60Hz),,,,,,,,,
UDT,UDT 2.5,cabinet,2.5,5000,774,257,Horizontal,horizontal_right_to_left,23.5,960,960,103,320,160,3840,SMD,Rear,Front IP65,14,/,2.5,outdoor,Die-cast Aluminum,Support brightness and chroma,Manual/Automatic,2000K-9300K Adjustable,H:140°/V:120°,5000:1,AC 100~240V (50&60Hz),,,,,,,,,
UDT,UDT 3,cabinet,3.076,5000,649,216,Horizontal,horizontal_right_to_left,23.5,960,960,103,320,160,3840,SMD,Rear,Front IP65,14,/,3,outdoor,Die-cast Aluminum,Support brightness and chroma,Manual/Automatic,2000K-9300K Adjustable,H:140°/V:120°,5000:1,AC 100~240V (50&60Hz),,,,,,,,,
UDT,UDT 4,cabinet,4,5000,711,236,Horizontal,horizontal_right_to_left,23.5,960,960,103,320,160,3840,SMD,Rear,Front IP65,14,/,4,outdoor,Die-cast Aluminum,Support brightness and chroma,Manual/Automatic,2000K-9300K Adjustable,H:140°/V:120°,5000:1,AC 100~240V (50&60Hz),,,,,,,,,
UDT,UDT 5,cabinet,5,5000,649,195,Horizontal,horizontal_right_to_left,23.5,960,960,103,320,160,3840,SMD,Rear,Front IP65,14,/,5,outdoor,Die-cast Aluminum,Support brightness and chroma,Manual/Automatic,2000K-9300K Adjustable,H:140°/V:120°,5000:1,AC 100~240V (50&60Hz),,,,,,,,,
UDT,UDT 6.67,cabinet,6.67,5500,666,200,Horizontal,horizontal_right_to_left,23.5,960,960,103,320,160,3840,SMD,Rear,Front IP65,14,/,6.67,outdoor,Die-cast Aluminum,Support brightness and chroma,Manual/Automatic,2000K-9300K Adjustable,H:140°/V:120°,5000:1,AC 100~240V (50&60Hz),,,,,,,,,
UDT,UDT 8,cabinet,8,5000,707,213,Horizontal,horizontal_right_to_left,23.5,960,960,103,320,160,3840,SMD,Rear,Front IP65,14,/,8,outdoor,Die-cast Aluminum,Support brightness and chroma,Manual/Automatic,2000K-9300K Adjustable,H:140°/V:120°,5000:1,AC 100~240V (50&60Hz),,,,,,,,,
UDT,UDT 10,cabinet,10,5500,733,243,Horizontal,horizontal_right_to_left,23.5,960,960,103,320,160,3840,SMD,Rear,Front IP65,14,/,10,outdoor,Die-cast Aluminum,Support brightness and chroma,Manual/Automatic,2000K-9300K Adjustable,H:140°/V:120°,5000:1,AC 100~240V (50&60Hz),,,,,,,,,
